from,to
533935-35353551,533935-35513550
533935-51033550,533935-35503551
533935-35103509,533935-35093501
533935-35053501,533935-35013509
533935-35113502,533935-35023494
533935-34843470,533935-34703474
533935-35813563,533935-35633562
533935-35543562,533935-35623563
533935-34933539,533935-35393542
533935-35563542,533935-35423539
533935-37193672,533935-36723669
533935-36313669,533935-36693672
533935-37553767,533935-37673771
533935-11903771,533935-37713767
533935-37823771,533935-37713767
533935-38003782,533935-37823781
533935-37673781,533935-37813782
533935-38194631,533935-46314630
533935-37974630,533935-46304631
533935-14521438,533935-14381437
533935-14371438,533935-14381452
533935-55221215,533935-12151210
533935-11575522,533935-55225523
533935-11511105,533935-11051117
533935-10641084,533935-10841076
533935-24680950,533935-09503673
533935-36733678,533935-36782468
533935-53463678,533935-36782468
533935-55215345,533935-53455346
533935-08613628,533935-36283629
533935-36284593,533935-45934596
533935-46024596,533935-45964593
533935-45994602,533935-46024596
533935-46024599,533935-45993646
533935-46154613,533935-46133726
533935-46134615,533935-46153690
533935-38123820,533935-38203822
533935-38293822,533935-38223820
533935-38293822,533935-38222542
533935-38203828,533935-38283829
533935-38323829,533935-38293828
533935-38323829,533935-38292541
533935-46654664,533935-46642631
533935-46644666,533935-46663177
533935-25834657,533935-46574658
533935-14224661,533935-14224661
533934-21662161,533934-21611466